repo_id,treat
8514,1
65252,1
108278,1
143580,0
156018,0
167174,0
232390,0
255478,0
271714,0
291137,0
308770,0
312262,0
353561,0
390217,0
448045,0
458058,0
460078,1
467471,0
481872,1
488514,0
505380,0
507775,1
519832,1
576201,1
618511,0
640534,0
655492,1
656494,1
658518,0
671825,1
689344,0
705634,0
714074,0
715547,0
790359,1
841835,1
843222,1
858127,0
886774,0
892275,1
908607,0
911765,0
931135,0
942613,0
959908,0
1011539,0
1039520,1
1049095,0
1064563,0
1095228,0
1181927,0
1200050,1
1204412,1
1234714,1
1272666,0
1283503,0
1301584,0
1326671,1
1333343,0
1390248,1
1409811,0
1424470,0
1431547,1
1446467,1
1451352,0
1460385,0
1548202,0
1570020,0
1625986,0
1626780,0
1663468,1
1666821,0
1801829,0
1826128,0
1828795,0
1864233,0
1864363,1
1924147,0
1957456,1
2028724,1
2081289,0
2126244,0
2156455,0
2179920,1
2200856,0
2234102,0
2255947,0
2296970,1
2340549,1
2360755,0
2436255,0
2464908,1
2465723,0
2556327,0
2573058,1
2584777,1
2594116,1
2649214,0
2717549,0
2880469,0
2884111,1
2907031,1
2935735,0
3019537,0
3038937,0
3100121,1
3217621,1
3228505,1
3234987,1
3351871,0
3390243,0
3431193,1
3470471,0
3591964,0
3595658,0
3620194,1
3623050,0
3638964,1
3669065,0
3678731,0
3721224,0
3727706,0
3757512,1
3769702,0
3834332,1
4000279,0
4025121,0
4038949,0
4084908,1
4095287,1
4128353,0
4238977,1
4309314,0
4521463,0
4542716,1
4598984,0
4630534,0
4665416,1
4869294,0
4909355,0
4989235,0
5152285,1
5244445,1
5245894,1
5250457,0
5274894,0
5349565,0
5373551,1
5532320,1
5550552,1
5550567,1
5550623,1
5710341,0
5780416,1
5923215,1
5973855,0
6011756,1
6094683,1
6198699,1
6257856,0
6287585,1
6296790,1
6358188,0
6474647,0
6488049,1
6506651,1
6523023,0
6723399,1
6838921,0
6841181,0
7083240,0
7209075,0
7229063,1
7363211,0
7370241,0
7508411,0
7512484,0
7530570,1
7548986,0
7613257,1
7639232,1
7691631,1
7693799,0
7716883,0
7833168,0
7948548,1
8010626,0
8049897,0
8077402,0
8077957,1
8257106,1
8272315,0
8411137,1
8424040,0
8594752,0
8681349,0
8859285,1
8962829,0
8966356,1
9066347,0
9076111,1
9185792,1
9193949,1
9252533,0
9306568,1
9309093,0
9384267,1
9393759,1
9603889,0
9678849,0
9693534,0
9709563,1
9852918,1
9996255,1
10057936,0
10064545,0
10081608,0
10270250,0
10420996,0
10426982,0
10446890,0
10941409,0
11061773,1
11167738,0
11225014,0
11290232,0
11489037,0
11496279,0
11507163,0
11591855,0
11621778,0
11645798,0
11672345,1
11730342,1
11778024,0
11893084,0
12019742,0
12057192,0
12201538,0
12246785,0
12256376,1
12310030,0
12499251,0
12670444,1
12808420,0
12926963,1
12962729,1
12972263,0
12983151,0
13021798,0
13044600,0
13073056,0
13111330,0
13111393,0
13124802,1
13266601,0
13428264,0
13527761,1
13692183,0
13753636,1
14049216,0
14089735,1
14125254,0
14346979,1
14397309,0
14410778,0
14562056,0
14712850,1
14734876,0
14735403,1
14895592,0
15045751,0
15062869,0
15085215,1
15111821,1
15155534,1
15193430,0
15452919,1
15480067,0
15508537,0
15634981,1
15678737,0
15714062,1
15778896,0
15814642,1
16066615,0
16072585,1
16157746,0
16238673,1
16246536,0
16251053,0
16394957,0
16416867,0
16427229,0
16479108,0
16563587,1
16587283,0
16752620,1
16851223,1
16910705,0
16977232,0
17034809,0
17356911,1
17395836,0
17420913,0
17620347,0
17634071,1
17728164,0
17839063,0
17914657,1
18049133,1
18280236,0
18348651,1
18442380,0
18673522,0
18845024,0
19036577,0
19040482,1
19249835,0
19369035,0
19374812,1
19498290,0
19621950,1
19745004,0
19745493,0
19775824,0
19816973,0
19872456,1
19953044,0
19961514,0
20059361,0
20249391,1
20361729,0
20580498,0
20597509,0
20723814,0
20773773,0
20789757,0
20818126,1
20884782,0
20919534,0
20929025,1
21347346,0
21399598,0
21500952,0
21741891,0
21949879,0
22442668,1
22458259,0
22553797,0
22636263,0
22755810,0
22873519,0
22882621,0
23021810,1
23059575,0
23083156,1
23096959,1
23338716,0
23357588,0
23404839,0
23482820,0
23652126,0
23770421,0
23928410,0
23974149,0
24053165,0
24053422,0
24195339,1
24310646,0
24474126,1
24560307,0
24669372,0
24703136,0
24782902,0
24917178,0
25185119,0
25459400,0
25780780,1
25800128,0
25804514,0
25823670,1
25880891,0
25889802,0
26102180,0
26337322,1
26507037,0
26509369,0
26516210,0
26730195,1
26768275,0
26788257,0
26917568,0
27312396,0
27382163,1
27436800,0
27442967,1
27494663,0
27549019,1
27729880,0
27729926,0
27940263,0
27965134,0
28232663,0
28239455,0
28257573,0
28283593,0
28366058,0
28449431,1
28457823,1
28964289,0
29028775,1
29078997,1
29096746,0
29207621,1
29268051,0
29675417,0
29685535,0
29702213,0
30120110,0
30291090,1
30430269,0
30564046,0
30892477,1
31169720,0
31177986,0
31288958,0
31492490,1
31533997,0
31629751,0
31942738,0
31985425,0
32231207,0
32247847,1
32481543,0
32487763,0
32578467,0
32654500,1
32742922,0
32873313,1
32935745,0
32969220,1
33015583,1
33017149,0
33086103,0
33202667,0
33263118,1
33494287,1
33664893,0
33678290,0
33884891,1
33888697,0
33889464,0
33936204,0
33947548,0
34526884,1
34659664,0
34777562,0
34847907,0
34864402,0
35249369,0
35562993,0
35700184,0
35726310,0
35866694,0
36040894,0
36373515,0
36487753,0
36817565,0
36891867,1
37081145,0
37372629,0
37489525,1
37931301,0
38003903,0
39182755,1
39378616,0
39431147,0
39443258,0
39487546,0
40013435,0
40203679,0
40508605,0
40687563,1
41766002,1
41881900,1
44059189,0
44125682,0
44198965,0
44662669,0
45195614,0
45717250,1
45936895,1
48602252,1
