[
    {
        "TTC Unbounded" :{
            "spec1": {
                "est" : -7.10859287,
                "se": 3.46140993,
                "tval":-2.05366975,
                "pval":0.04007577,
                "ptrends": 0.9132
            },
            "spec2": {
                "est": 3.61729187236559,
                "se": 32.0097654191964,
                "pval": 1.08997411051397,
                "ptrends": 0.31893
            },
            "spec3": {
                "est":-13.3870732956673,
                "se": 13.0586860459087,
                "pval": 0.293672513723301,
                "ptrends": 0.28347
            },
            "spec4": {
                "est": -6.63739714326683,
                "se": 8.16512719520055,
                "pval": 0.416277835071194
            },
            "spec5": {
                "est": 7.97812330339879,
                "se": 16.9883540564996,
                "pval": 1.36137567404189,
                "ptrends": 0.33577
            }
        }
    },
    {
        "$TTC < 365$ Days": {
            "spec1": {
                "est": -2.3183722,
                "se": 1.6594121,
                "tval": -1.3971045,
                "pval": 0.1624635,
                "ptrends": 0.8425
            },
            "spec2": {
                "est": -4.40112231419363,
                "se": 7.35611809118343,
                "pval": 0.549643688975474,
                "ptrends": 0.08306
            },
            "spec3": {
                "est": -10.2369422854938,
                "se": 6.55209780742715,
                "pval": 0.118195775202277,
                "ptrends": 0.12977
            },
            "spec4": {
                "est": -0.965132407537618,
                "se": 2.99949430653495,
                "pval": 0.747630700449829
            },
            "spec5": {
                "est": -3.060586661145,
                "se": 2.54195045735623,
                "pval": 0.228577671479844,
                "ptrends": 0.39024
            }
        }
    },
    {
        "$TTC<180$ Days": {
            "spec1": {
                "est": -2.12430362,
                "se": 0.83949952,
                "tval": -2.53044053,
                "pval": 0.01143192,
                "ptrends": 0.9717
            },
            "spec2": {
                "est": -5.46916358423011,
                "se": 5.64431430755396,
                "pval": 0.332560833845976,
                "ptrends": 0.20813
            },
            "spec3": {
                "est": -8.59129329611118,
                "se": 4.24292408957517,
                "pval": 0.0406500785212014,
                "ptrends": 0.29799
            },
            "spec4": {
                "est": -1.71066210579587,
                "se": 1.27107315436588,
                "pval": 0.178353865529458
            },
            "spec5": {
                "est": -3.16282722033291,
                "se": 2.69608474960682,
                "pval": 0.240748240654051,
                "ptrends": 0.54188
            }
        }
    },
    {
        "$TTC<60$ Days": {
            "spec1": {
                "est": -0.2159274,
                "se": 0.2448078,
                "tval": -0.8820282,
                "pval": 0.3778174,
                "ptrends": 0.6812
            },
            "spec2": {
                "est": -1.9381117282307,
                "se": 1.43810699656401,
                "pval": 0.177632636304082,
                "ptrends": 0.89258
            },
            "spec3": {
                "est": -1.71293305278877,
                "se": 0.941113711592863,
                "pval": 0.0687418384291448,
                "ptrends": 0.71309
            },
            "spec4": {
                "est": -0.549333221695109,
                "se": 0.399967765241641,
                "pval": 0.169614441173706
            },
            "spec5": {
                "est": -0.728152967412148,
                "se": 0.80617424318318,
                "pval": 0.366408969173196,
                "ptrends": 0.70724
            }
        }
    },
    {
        "Comments Unbounded": {
            "spec1": {
                "est": -0.14491085,
                "se": 0.07046849,
                "tval": -2.05639224,
                "pval": 0.03981269,
                "ptrends": 0.9279
            },
            "spec2": {
                "est": -1.63623290174414,
                "se": 1.77730878666647,
                "pval": 0.357246832960995,
                "ptrends": 0.3278
            },
            "spec3": {
                "est": -1.75693296452993,
                "se": 1.12859910018448,
                "pval": 0.113512940351459,
                "ptrends": 0.56192
            },
            "spec4": {
                "est": -0.00734133284719591,
                "se": 0.145734680252812,
                "pval": 0.959823840729181
            },
            "spec5": {
                "est": 0.487709756775604,
                "se": 0.399540526474177,
                "pval": 1.73013433862031,
                "ptrends": 0.70942
            }
        }
    },
    {
        "Comments, $TTC<360$ Days": {
            "spec1": {
                "est": -0.15027673,
                "se": 0.06548351,
                "tval": -2.29487885,
                "pval": 0.02179420,
                "ptrends": 0.9861
            },
            "spec2": {
                "est": -2.27546414960214,
                "se": 1.40174832130791,
                "pval": 0.0988671028367586,
                "ptrends": 0.42051
            },
            "spec3": {
                "est": -2.10114002812062,
                "se": 1.00590927715663,
                "pval": 0.0367260231710236,
                "ptrends": 0.5866
            },
            "spec4": {
                "est": -0.0254232628704527,
                "se": 0.13521853600844,
                "pval": 0.850864024002071
            },
            "spec5": {
                "est": -1.07388390248742,
                "se": 1.98029916055518,
                "pval": 0.587623101330763
            }
        }
    },
    {
        "Comments, $TTC<60$ Days": {
            "spec1": {
                "est": -0.06827082,
                "se": 0.05181256,
                "tval": -1.31764988,
                "pval": 0.18770044,
                "ptrends": 0.4456
            },
            "spec2": {
                "est": -1.50868390284154,
                "se": 0.599078633191383,
                "pval": 0.00745733804879636,
                "ptrends": 0.19963
            },
            "spec3": {
                "est": -1.45875634752456,
                "se": 0.50144143049598,
                "pval": 0.00241138976898303,
                "ptrends": 0.12182
            },
            "spec4": {
                "est": 0.0113102761868221,
                "se": 0.118204638064698,
                "pval": 1.07622834105513
            },
            "spec5": {
                "est": -0.345782534995025,
                "se": 0.331360833001946,
                "pval": 0.296706295576852,
                "ptrends": 0.74182
            }
        }
    }
]
